timestamp,project_name,run_id,duration,emissions,emissions_rate,cpu_power,gpu_power,ram_power,cpu_energy,gpu_energy,ram_energy,energy_consumed,country_name,country_iso_code,region,cloud_provider,cloud_region,os,python_version,codecarbon_version,cpu_count,cpu_model,gpu_count,gpu_model,longitude,latitude,ram_total_size,tracking_mode,on_cloud
2023-05-15T16:10:58,codecarbon,d535b065-a2bc-4f2a-ab50-7f5075f35eec,0.1845381259918213,1.6546126471625432e-07,8.966237400914516e-07,5.0,0.0,12.0,2.5623904334174264e-07,0,6.146097183227539e-07,8.708487616644964e-07,Spain,ESP,catalonia,,,macOS-13.4-arm64-arm-64bit,3.10.11,2.2.1,10,Apple M1 Pro,,,2.1701,41.387,32.0,machine,N
2023-05-15T16:10:59,codecarbon,f87d0dc0-90c2-4d98-90e9-f34b9542b71c,0.0680289268493652,6.090781026416356e-08,8.953222266614644e-07,5.0,0.0,12.0,9.439720047844782e-08,0,2.261702219645183e-07,3.205674224429661e-07,Spain,ESP,catalonia,,,macOS-13.4-arm64-arm-64bit,3.10.11,2.2.1,10,Apple M1 Pro,,,2.1701,41.387,32.0,machine,N
2023-05-15T16:11:00,codecarbon,06801d5c-b8fe-4043-995c-3dfaf8a9bdd2,0.0641021728515625,5.7379769616656864e-08,8.951298694589912e-07,5.0,0.0,12.0,8.89543029997084e-08,0,2.130444844563802e-07,3.0199878745608857e-07,Spain,ESP,catalonia,,,macOS-13.4-arm64-arm-64bit,3.10.11,2.2.1,10,Apple M1 Pro,,,2.1701,41.387,32.0,machine,N
2023-05-15T16:11:01,codecarbon,1686cc6e-3a58-45bc-975c-a6f0e27b6fff,0.0658259391784668,5.887739724583097e-08,8.94440671574818e-07,5.0,0.0,12.0,9.131795830196804e-08,0,2.1856307983398442e-07,3.098810381359524e-07,Spain,ESP,catalonia,,,macOS-13.4-arm64-arm-64bit,3.10.11,2.2.1,10,Apple M1 Pro,,,2.1701,41.387,32.0,machine,N
2023-05-15T16:11:02,codecarbon,2bceb267-1206-44f8-aaee-3fb393d00705,0.0602030754089355,5.3879198100831774e-08,8.949575704372543e-07,5.0,0.0,12.0,8.353756533728705e-08,0,2.00037161509196e-07,2.83574726846483e-07,Spain,ESP,catalonia,,,macOS-13.4-arm64-arm-64bit,3.10.11,2.2.1,10,Apple M1 Pro,,,2.1701,41.387,32.0,machine,N
2023-05-15T16:11:03,codecarbon,1eea5e52-543e-4f2c-9bd1-f5a9569ba71a,0.0635173320770263,5.681094593471952e-08,8.944164384270087e-07,5.0,0.0,12.0,8.81142086452908e-08,0,2.108907699584961e-07,2.990049786037869e-07,Spain,ESP,catalonia,,,macOS-13.4-arm64-arm-64bit,3.10.11,2.2.1,10,Apple M1 Pro,,,2.1701,41.387,32.0,machine,N
2023-05-15T16:11:04,codecarbon,3acc782b-d412-4e23-aec3-5a437cee3fc0,0.0618689060211181,5.5291197035047744e-08,8.936831211493345e-07,5.0,0.0,12.0,8.577638202243382e-08,0,2.05229918162028e-07,2.910063001844618e-07,Spain,ESP,catalonia,,,macOS-13.4-arm64-arm-64bit,3.10.11,2.2.1,10,Apple M1 Pro,,,2.1701,41.387,32.0,machine,N
2023-05-15T16:11:05,codecarbon,2c145c97-66a1-4835-a0d0-a27ccd887a93,0.0561847686767578,5.02471195326911e-08,8.943192384002292e-07,5.0,0.0,12.0,7.793572213914659e-08,0,1.865228017171224e-07,2.6445852385626896e-07,Spain,ESP,catalonia,,,macOS-13.4-arm64-arm-64bit,3.10.11,2.2.1,10,Apple M1 Pro,,,2.1701,41.387,32.0,machine,N
2023-05-15T16:11:07,codecarbon,ffd66358-10c4-4ff3-b989-fd33f03c1f14,0.1021149158477783,9.146246910095216e-08,8.956817752001513e-07,5.0,0.0,12.0,1.4173189798990886e-07,0,3.39649518330892e-07,4.813814163208008e-07,Spain,ESP,catalonia,,,macOS-13.4-arm64-arm-64bit,3.10.11,2.2.1,10,Apple M1 Pro,,,2.1701,41.387,32.0,machine,N
2023-05-15T16:11:08,codecarbon,90e5c11d-a197-4dde-882e-287e3b876339,0.0577268600463867,5.1637940936618384e-08,8.945219070485463e-07,5.0,0.0,12.0,8.00821516248915e-08,0,1.916964848836263e-07,2.717786365085178e-07,Spain,ESP,catalonia,,,macOS-13.4-arm64-arm-64bit,3.10.11,2.2.1,10,Apple M1 Pro,,,2.1701,41.387,32.0,machine,N
2023-05-15T16:11:09,codecarbon,e1f66f3c-9486-4d23-a95b-34a0f95eb270,0.0681848526000976,6.100163062413534e-08,8.946507662326159e-07,5.0,0.0,12.0,9.459853172302248e-08,0,2.2646268208821617e-07,3.2106121381123866e-07,Spain,ESP,catalonia,,,macOS-13.4-arm64-arm-64bit,3.10.11,2.2.1,10,Apple M1 Pro,,,2.1701,41.387,32.0,machine,N
2023-05-15T16:11:10,codecarbon,036a4edc-5f63-45d4-b8f0-4343b3dc9b38,0.0609338283538818,5.44903642601437e-08,8.942547306183225e-07,5.0,0.0,12.0,8.452501561906603e-08,0,2.022663752237956e-07,2.867913908428616e-07,Spain,ESP,catalonia,,,macOS-13.4-arm64-arm-64bit,3.10.11,2.2.1,10,Apple M1 Pro,,,2.1701,41.387,32.0,machine,N
2023-05-15T16:11:11,codecarbon,ffb0d1b9-51a3-4370-8e57-5c3ee8a43b38,0.0658209323883056,5.882023175557456e-08,8.936402086887648e-07,5.0,0.0,12.0,9.127060572306317e-08,0,2.183095614115397e-07,3.095801671346029e-07,Spain,ESP,catalonia,,,macOS-13.4-arm64-arm-64bit,3.10.11,2.2.1,10,Apple M1 Pro,,,2.1701,41.387,32.0,machine,N
2023-05-15T16:11:12,codecarbon,24b125d3-616c-42b0-8c08-e3c96ec87e4f,0.059730052947998,5.339622961150275e-08,8.939591876469685e-07,5.0,0.0,12.0,8.284019099341499e-08,0,1.9819259643554685e-07,2.8103278742896186e-07,Spain,ESP,catalonia,,,macOS-13.4-arm64-arm-64bit,3.10.11,2.2.1,10,Apple M1 Pro,,,2.1701,41.387,32.0,machine,N
2023-05-15T16:11:13,codecarbon,7ab56204-0ea6-4074-852c-0a2f4ea40c07,0.0639188289642334,5.7087537315156736e-08,8.931255193536288e-07,5.0,0.0,12.0,8.864170975155302e-08,0,2.118190129597982e-07,3.004607227113512e-07,Spain,ESP,catalonia,,,macOS-13.4-arm64-arm-64bit,3.10.11,2.2.1,10,Apple M1 Pro,,,2.1701,41.387,32.0,machine,N
2023-05-15T16:11:14,codecarbon,8d281207-e5ba-495b-acac-07c83da2115f,0.0615630149841308,5.5005709330240894e-08,8.934862814048298e-07,5.0,0.0,12.0,8.537769317626955e-08,0,2.0412604014078778e-07,2.8950373331705733e-07,Spain,ESP,catalonia,,,macOS-13.4-arm64-arm-64bit,3.10.11,2.2.1,10,Apple M1 Pro,,,2.1701,41.387,32.0,machine,N
2023-05-15T16:11:15,codecarbon,e9e38305-7362-4c6b-920c-03d8b2291266,0.0617618560791015,5.5239115158716864e-08,8.94388845567874e-07,5.0,0.0,12.0,8.567869663238526e-08,0,2.0505348841349282e-07,2.9073218504587805e-07,Spain,ESP,catalonia,,,macOS-13.4-arm64-arm-64bit,3.10.11,2.2.1,10,Apple M1 Pro,,,2.1701,41.387,32.0,machine,N
2023-05-15T16:11:16,codecarbon,80c8e72c-1c98-4c59-9786-b0ab37696474,0.066066026687622,5.9026030037138224e-08,8.93439987184777e-07,5.0,0.0,12.0,9.162657790713841e-08,0,2.190367380777995e-07,3.106633159849379e-07,Spain,ESP,catalonia,,,macOS-13.4-arm64-arm-64bit,3.10.11,2.2.1,10,Apple M1 Pro,,,2.1701,41.387,32.0,machine,N
2023-05-15T16:11:18,codecarbon,47ceff23-c4e0-4abf-8449-ad1fafef53bf,0.0638790130615234,5.7091576523251006e-08,8.937454382437736e-07,5.0,0.0,12.0,8.856521712409127e-08,0,2.1191676457722981e-07,3.004819817013211e-07,Spain,ESP,catalonia,,,macOS-13.4-arm64-arm-64bit,3.10.11,2.2.1,10,Apple M1 Pro,,,2.1701,41.387,32.0,machine,N
2023-05-15T16:11:22,codecarbon,03ab4e61-b3d2-4b57-b5d6-1f20662c2474,0.1371090412139892,1.2289062870873344e-07,8.96298505340251e-07,5.0,0.0,12.0,1.9036663903130426e-07,0,4.564261436462402e-07,6.467927826775445e-07,Spain,ESP,catalonia,,,macOS-13.4-arm64-arm-64bit,3.10.11,2.2.1,10,Apple M1 Pro,,,2.1701,41.387,32.0,machine,N
2023-05-15T16:11:24,codecarbon,7bd22a69-5657-4c4e-af06-d57344e1bc36,0.145294189453125,1.30222835805681e-07,8.962700868894256e-07,5.0,0.0,12.0,2.017266220516629e-07,0,4.836567242940267e-07,6.853833463456896e-07,Spain,ESP,catalonia,,,macOS-13.4-arm64-arm-64bit,3.10.11,2.2.1,10,Apple M1 Pro,,,2.1701,41.387,32.0,machine,N
2023-05-15T16:11:25,codecarbon,93e85b09-8285-4802-9e74-552fbdbfca50,0.0619878768920898,5.5365236600240073e-08,8.931623307025236e-07,5.0,0.0,12.0,8.594592412312825e-08,0,2.0545005798339845e-07,2.913959821065267e-07,Spain,ESP,catalonia,,,macOS-13.4-arm64-arm-64bit,3.10.11,2.2.1,10,Apple M1 Pro,,,2.1701,41.387,32.0,machine,N
2023-05-15T16:11:26,codecarbon,fdc59bfe-8495-485a-a2b1-1fd02b1f7467,0.0649559497833252,5.804789993498061e-08,8.93650237254818e-07,5.0,0.0,12.0,9.008579783969457e-08,0,2.1542946497599282e-07,3.055152628156874e-07,Spain,ESP,catalonia,,,macOS-13.4-arm64-arm-64bit,3.10.11,2.2.1,10,Apple M1 Pro,,,2.1701,41.387,32.0,machine,N
2023-05-15T16:11:27,codecarbon,228a18c9-e3d8-494b-bd5d-53a08e0056f8,0.0659241676330566,5.8951386478212144e-08,8.942302738859595e-07,5.0,0.0,12.0,9.145306216345893e-08,0,2.188173929850261e-07,3.10270455148485e-07,Spain,ESP,catalonia,,,macOS-13.4-arm64-arm-64bit,3.10.11,2.2.1,10,Apple M1 Pro,,,2.1701,41.387,32.0,machine,N
2023-05-15T16:11:29,codecarbon,19907b49-af31-4d9c-8166-081519197060,0.1020870208740234,9.141506817605761e-08,8.954621987535992e-07,5.0,0.0,12.0,1.416818963156806e-07,0,3.3945004145304365e-07,4.811319377687243e-07,Spain,ESP,catalonia,,,macOS-13.4-arm64-arm-64bit,3.10.11,2.2.1,10,Apple M1 Pro,,,2.1701,41.387,32.0,machine,N
2023-05-15T16:11:30,codecarbon,6669eefc-d7e0-4d81-82ca-89976d572e18,0.0631370544433593,5.6382437547047936e-08,8.930165976879545e-07,5.0,0.0,12.0,8.752942085266114e-08,0,2.092202504475912e-07,2.967496713002523e-07,Spain,ESP,catalonia,,,macOS-13.4-arm64-arm-64bit,3.10.11,2.2.1,10,Apple M1 Pro,,,2.1701,41.387,32.0,machine,N
2023-05-15T16:11:31,codecarbon,1809c0e1-b2fe-41bb-a1d7-3dd5b11aa604,0.0633690357208252,5.6602970759073894e-08,8.93227585290086e-07,5.0,0.0,12.0,8.783340454101565e-08,0,2.1007696787516285e-07,2.979103724161784e-07,Spain,ESP,catalonia,,,macOS-13.4-arm64-arm-64bit,3.10.11,2.2.1,10,Apple M1 Pro,,,2.1701,41.387,32.0,machine,N
2023-05-15T16:11:32,codecarbon,6f1f59ab-084c-4992-bd22-773c30529304,0.0613839626312255,5.489648713005913e-08,8.94313185022918e-07,5.0,0.0,12.0,8.515252007378472e-08,0,2.0377635955810545e-07,2.8892887963189017e-07,Spain,ESP,catalonia,,,macOS-13.4-arm64-arm-64bit,3.10.11,2.2.1,10,Apple M1 Pro,,,2.1701,41.387,32.0,machine,N
2023-05-15T16:11:33,codecarbon,df62c104-70a0-4b02-8d2a-32872601f57d,0.1095800399780273,9.811431500646804e-08,8.953666655546175e-07,5.0,0.0,12.0,1.5208754274580217e-07,0,3.643035888671875e-07,5.163911316129897e-07,Spain,ESP,catalonia,,,macOS-13.4-arm64-arm-64bit,3.10.11,2.2.1,10,Apple M1 Pro,,,2.1701,41.387,32.0,machine,N
2023-05-15T16:11:34,codecarbon,ed96f2e2-1c42-43f4-bdb1-e9ee80ad9f73,0.0651581287384033,5.8255887693829016e-08,8.940693789368106e-07,5.0,0.0,12.0,9.040004677242705e-08,0,2.1620988845825202e-07,3.06609935230679e-07,Spain,ESP,catalonia,,,macOS-13.4-arm64-arm-64bit,3.10.11,2.2.1,10,Apple M1 Pro,,,2.1701,41.387,32.0,machine,N
2023-05-15T16:11:36,codecarbon,7bd71ce9-e0c7-4f45-abdc-65792fe5111e,0.0665071010589599,5.9418311383989145e-08,8.934130406813783e-07,5.0,0.0,12.0,9.222494231330025e-08,0,2.205030123392741e-07,3.127279546525744e-07,Spain,ESP,catalonia,,,macOS-13.4-arm64-arm-64bit,3.10.11,2.2.1,10,Apple M1 Pro,,,2.1701,41.387,32.0,machine,N
2023-05-15T16:11:37,codecarbon,9af4f2c7-b7a9-45de-9b53-ac504a04a753,0.06144380569458,5.500672856966655e-08,8.95236353735795e-07,5.0,0.0,12.0,8.526941140492757e-08,0,2.042396863301595e-07,2.895090977350871e-07,Spain,ESP,catalonia,,,macOS-13.4-arm64-arm-64bit,3.10.11,2.2.1,10,Apple M1 Pro,,,2.1701,41.387,32.0,machine,N
2023-05-15T16:11:38,codecarbon,cf92ad81-fdcb-443d-8e96-ef1edd7e4965,0.0627741813659668,5.6134309371312464e-08,8.942260679443258e-07,5.0,0.0,12.0,8.708337942759197e-08,0,2.083603541056315e-07,2.954437335332235e-07,Spain,ESP,catalonia,,,macOS-13.4-arm64-arm-64bit,3.10.11,2.2.1,10,Apple M1 Pro,,,2.1701,41.387,32.0,machine,N
2023-05-15T16:11:39,codecarbon,95a8861c-58a6-48f3-8068-31854ed583f2,0.0601928234100341,5.38206736246745e-08,8.94137715688255e-07,5.0,0.0,12.0,8.349021275838215e-08,0,1.9977649052937829e-07,2.832667032877604e-07,Spain,ESP,catalonia,,,macOS-13.4-arm64-arm-64bit,3.10.11,2.2.1,10,Apple M1 Pro,,,2.1701,41.387,32.0,machine,N
2023-05-15T16:11:40,codecarbon,7d389265-7318-4e23-a05b-b93ed423dd40,0.0660657882690429,5.9156530433230936e-08,8.954185211917078e-07,5.0,0.0,12.0,9.168320231967504e-08,0,2.196669578552246e-07,3.1135016017489964e-07,Spain,ESP,catalonia,,,macOS-13.4-arm64-arm-64bit,3.10.11,2.2.1,10,Apple M1 Pro,,,2.1701,41.387,32.0,machine,N
2023-05-15T16:11:41,codecarbon,b8c87d77-0d9f-485b-9453-35b0f6341d8c,0.0622673034667968,5.568807125091553e-08,8.943388929731055e-07,5.0,0.0,12.0,8.637110392252607e-08,0,2.0672400792439778e-07,2.930951118469239e-07,Spain,ESP,catalonia,,,macOS-13.4-arm64-arm-64bit,3.10.11,2.2.1,10,Apple M1 Pro,,,2.1701,41.387,32.0,machine,N
2023-05-15T16:11:42,codecarbon,b4fd3180-0492-44be-a2ed-b313b7e7c3b1,0.0689048767089843,6.164295872052512e-08,8.946095206130396e-07,5.0,0.0,12.0,9.559690952301025e-08,0,2.288397153218588e-07,3.24436624844869e-07,Spain,ESP,catalonia,,,macOS-13.4-arm64-arm-64bit,3.10.11,2.2.1,10,Apple M1 Pro,,,2.1701,41.387,32.0,machine,N
2023-05-15T16:11:43,codecarbon,e6823b02-05e2-45dd-b4aa-a06850da229b,0.0731458663940429,6.535643802748785e-08,8.93508290344217e-07,5.0,0.0,12.0,1.0143485334184434e-07,0,2.425463994344076e-07,3.439812527762519e-07,Spain,ESP,catalonia,,,macOS-13.4-arm64-arm-64bit,3.10.11,2.2.1,10,Apple M1 Pro,,,2.1701,41.387,32.0,machine,N
2023-05-15T16:11:48,codecarbon,00ea74d8-900d-4a4a-b11a-e23cd46fdf9f,0.1105129718780517,9.90401241514418e-08,8.96185510789901e-07,5.0,0.0,12.0,1.5342368019951714e-07,0,3.678401311238607e-07,5.212638113233778e-07,Spain,ESP,catalonia,,,macOS-13.4-arm64-arm-64bit,3.10.11,2.2.1,10,Apple M1 Pro,,,2.1701,41.387,32.0,machine,N
2023-05-15T16:11:50,codecarbon,93929a87-778a-4226-9625-8120439e924f,0.1199169158935546,1.074524607923296e-07,8.960575744602266e-07,5.0,0.0,12.0,1.6646948125627305e-07,0,3.990697860717774e-07,5.655392673280505e-07,Spain,ESP,catalonia,,,macOS-13.4-arm64-arm-64bit,3.10.11,2.2.1,10,Apple M1 Pro,,,2.1701,41.387,32.0,machine,N
2023-05-15T16:11:51,codecarbon,09ba33c5-10d7-4fd9-a05d-2c13e5aec23c,0.1398401260375976,1.2532298697365653e-07,8.961876002597564e-07,5.0,0.0,12.0,1.941515339745416e-07,0,4.6544313430786133e-07,6.595946682824028e-07,Spain,ESP,catalonia,,,macOS-13.4-arm64-arm-64bit,3.10.11,2.2.1,10,Apple M1 Pro,,,2.1701,41.387,32.0,machine,N
2023-05-15T16:11:52,codecarbon,59fc4492-cff2-4e65-be8c-8148f46730db,0.0898220539093017,8.037898275587294e-08,8.948691246476729e-07,5.0,0.0,12.0,1.2463066313001844e-07,0,2.984166145324707e-07,4.230472776624892e-07,Spain,ESP,catalonia,,,macOS-13.4-arm64-arm-64bit,3.10.11,2.2.1,10,Apple M1 Pro,,,2.1701,41.387,32.0,machine,N
2023-05-15T16:11:54,codecarbon,94033c6d-a037-4701-819e-32f9c4bb9b1c,0.0880510807037353,7.878014842669168e-08,8.947096139769427e-07,5.0,0.0,12.0,1.221388578414917e-07,0,2.924935022989909e-07,4.1463236014048257e-07,Spain,ESP,catalonia,,,macOS-13.4-arm64-arm-64bit,3.10.11,2.2.1,10,Apple M1 Pro,,,2.1701,41.387,32.0,machine,N
2023-05-15T16:11:55,codecarbon,92880f46-3e6a-4797-b1b4-a39aa00567ba,0.0936172008514404,8.379037711355423e-08,8.950318568755305e-07,5.0,0.0,12.0,1.299086544248793e-07,0,3.110933303833008e-07,4.410019848081801e-07,Spain,ESP,catalonia,,,macOS-13.4-arm64-arm-64bit,3.10.11,2.2.1,10,Apple M1 Pro,,,2.1701,41.387,32.0,machine,N
2023-05-15T16:11:56,codecarbon,527b926f-6a38-48a8-8a6c-6cdb5f459617,0.0898540019989013,8.049644695387945e-08,8.958582273816104e-07,5.0,0.0,12.0,1.2473232216305205e-07,0,2.989331881205241e-07,4.236655102835761e-07,Spain,ESP,catalonia,,,macOS-13.4-arm64-arm-64bit,3.10.11,2.2.1,10,Apple M1 Pro,,,2.1701,41.387,32.0,machine,N
2023-05-15T16:11:58,codecarbon,83cb7926-e074-4d8d-b2d1-da853a1a7f7b,0.0925140380859375,8.284394409921435e-08,8.954743065291294e-07,5.0,0.0,12.0,1.2840992874569366e-07,0,3.07610829671224e-07,4.360207584169176e-07,Spain,ESP,catalonia,,,macOS-13.4-arm64-arm-64bit,3.10.11,2.2.1,10,Apple M1 Pro,,,2.1701,41.387,32.0,machine,N
2023-05-15T16:11:59,codecarbon,1f8a0bd5-fbb9-4ef7-843f-09621ed5b3ba,0.0906620025634765,8.11619347996182e-08,8.952144504285912e-07,5.0,0.0,12.0,1.258181201087104e-07,0,3.0134995778401696e-07,4.271680778927274e-07,Spain,ESP,catalonia,,,macOS-13.4-arm64-arm-64bit,3.10.11,2.2.1,10,Apple M1 Pro,,,2.1701,41.387,32.0,machine,N
2023-05-15T16:12:00,codecarbon,9e870e7c-a381-46dc-89d0-7195fde0802c,0.0912809371948242,8.168354630470275e-08,8.948587603823851e-07,5.0,0.0,12.0,1.266529162724813e-07,0,3.0326048533121745e-07,4.299134016036987e-07,Spain,ESP,catalonia,,,macOS-13.4-arm64-arm-64bit,3.10.11,2.2.1,10,Apple M1 Pro,,,2.1701,41.387,32.0,machine,N
2023-05-15T16:12:01,codecarbon,026533d3-d206-4fa7-83a4-92d779fe9641,0.0902581214904785,8.085768553945755e-08,8.958494172514697e-07,5.0,0.0,12.0,1.2528333399030898e-07,0,3.002834320068359e-07,4.255667659971449e-07,Spain,ESP,catalonia,,,macOS-13.4-arm64-arm-64bit,3.10.11,2.2.1,10,Apple M1 Pro,,,2.1701,41.387,32.0,machine,N
2023-05-15T16:12:03,codecarbon,1c88c5b7-a2b5-49d1-9b25-bc9ebc755726,0.0978569984436035,8.765856689876984e-08,8.957822975664718e-07,5.0,0.0,12.0,1.3583766089545357e-07,0,3.255232175191244e-07,4.613608784145781e-07,Spain,ESP,catalonia,,,macOS-13.4-arm64-arm-64bit,3.10.11,2.2.1,10,Apple M1 Pro,,,2.1701,41.387,32.0,machine,N
2023-05-15T16:12:04,codecarbon,b2d48511-6c1c-4da2-b355-372c9ca74062,0.0871839523315429,7.809149490462409e-08,8.957095063510989e-07,5.0,0.0,12.0,1.2102093961503774e-07,0,2.899869283040365e-07,4.110078679190742e-07,Spain,ESP,catalonia,,,macOS-13.4-arm64-arm-64bit,3.10.11,2.2.1,10,Apple M1 Pro,,,2.1701,41.387,32.0,machine,N
2023-05-15T16:12:05,codecarbon,962a6488-8f7d-4743-a3ce-4ddd3237ec30,0.0893971920013427,8.00257596704695e-08,8.95170842382471e-07,5.0,0.0,12.0,1.2405746512942844e-07,0,2.971307436625163e-07,4.211882087919448e-07,Spain,ESP,catalonia,,,macOS-13.4-arm64-arm-64bit,3.10.11,2.2.1,10,Apple M1 Pro,,,2.1701,41.387,32.0,machine,N
2023-05-15T16:12:06,codecarbon,0cfc3711-76b7-4946-b79a-1bae4c59fd60,0.0899350643157959,8.019594748814901e-08,8.917094583548728e-07,5.0,0.0,12.0,1.24583641688029e-07,0,2.975002924601237e-07,4.220839341481527e-07,Spain,ESP,catalonia,,,macOS-13.4-arm64-arm-64bit,3.10.11,2.2.1,10,Apple M1 Pro,,,2.1701,41.387,32.0,machine,N
2023-05-15T16:12:08,codecarbon,c75b939b-f5f3-4371-95dc-e5ef49b5b25f,0.0896000862121582,8.02011443508996e-08,8.95101196230956e-07,5.0,0.0,12.0,1.2433760695987278e-07,0,2.977736790974935e-07,4.221112860573663e-07,Spain,ESP,catalonia,,,macOS-13.4-arm64-arm-64bit,3.10.11,2.2.1,10,Apple M1 Pro,,,2.1701,41.387,32.0,machine,N
2023-05-15T16:12:09,codecarbon,b811bdb6-75f6-46cd-9adb-1a1cd399db9d,0.0940690040588378,8.421524895562068e-08,8.952497137414792e-07,5.0,0.0,12.0,1.3054741753472225e-07,0,3.1269073486328125e-07,4.432381523980035e-07,Spain,ESP,catalonia,,,macOS-13.4-arm64-arm-64bit,3.10.11,2.2.1,10,Apple M1 Pro,,,2.1701,41.387,32.0,machine,N
2023-05-15T16:12:13,codecarbon,d7230105-7af8-4cc6-8c3d-4433156f3de3,0.1944589614868164,1.7435801691479154e-07,8.966314310313355e-07,5.0,0.0,12.0,2.700136767493354e-07,0,6.476600964864095e-07,9.176737732357448e-07,Spain,ESP,catalonia,,,macOS-13.4-arm64-arm-64bit,3.10.11,2.2.1,10,Apple M1 Pro,,,2.1701,41.387,32.0,machine,N
2023-05-15T16:12:16,codecarbon,2974e2e0-24b3-4333-8c73-714baa5fdc59,0.2041990756988525,1.8309189213646785e-07,8.966342845081579e-07,5.0,0.0,12.0,2.835445933871799e-07,0,6.80096944173177e-07,9.63641537560357e-07,Spain,ESP,catalonia,,,macOS-13.4-arm64-arm-64bit,3.10.11,2.2.1,10,Apple M1 Pro,,,2.1701,41.387,32.0,machine,N
2023-05-15T16:12:17,codecarbon,09d713cc-1cef-48c4-bea5-9909ff92b744,0.0865890979766845,7.751572529474896e-08,8.95213451878448e-07,5.0,0.0,12.0,1.2016097704569497e-07,0,2.878165245056153e-07,4.079775015513102e-07,Spain,ESP,catalonia,,,macOS-13.4-arm64-arm-64bit,3.10.11,2.2.1,10,Apple M1 Pro,,,2.1701,41.387,32.0,machine,N
2023-05-15T16:12:18,codecarbon,ac83d7a0-7bd6-4c09-90f8-848129470ccf,0.0861949920654296,7.712107830577427e-08,8.947280631713788e-07,5.0,0.0,12.0,1.1959307723575168e-07,0,2.863073348999024e-07,4.0590041213565403e-07,Spain,ESP,catalonia,,,macOS-13.4-arm64-arm-64bit,3.10.11,2.2.1,10,Apple M1 Pro,,,2.1701,41.387,32.0,machine,N
2023-05-15T16:12:19,codecarbon,7a5a38c1-af54-45bb-adf9-664f60d8b844,0.0930433273315429,8.329573141203986e-08,8.952359486804537e-07,5.0,0.0,12.0,1.291212108400133e-07,0,3.0927737553914386e-07,4.383985863791572e-07,Spain,ESP,catalonia,,,macOS-13.4-arm64-arm-64bit,3.10.11,2.2.1,10,Apple M1 Pro,,,2.1701,41.387,32.0,machine,N
2023-05-15T16:12:21,codecarbon,c54d3729-b891-4e68-a8d7-4034df39bada,0.0891907215118408,7.983844611379839e-08,8.951429561336057e-07,5.0,0.0,12.0,1.237733496559991e-07,0,2.964289983113607e-07,4.202023479673598e-07,Spain,ESP,catalonia,,,macOS-13.4-arm64-arm-64bit,3.10.11,2.2.1,10,Apple M1 Pro,,,2.1701,41.387,32.0,machine,N
2023-05-15T16:12:22,codecarbon,e2040e23-f211-4bf2-96c0-f94aef91cf8c,0.090203046798706,8.07581020726098e-08,8.95292397969957e-07,5.0,0.0,12.0,1.2518597973717584e-07,0,2.9985666275024413e-07,4.2504264248742e-07,Spain,ESP,catalonia,,,macOS-13.4-arm64-arm-64bit,3.10.11,2.2.1,10,Apple M1 Pro,,,2.1701,41.387,32.0,machine,N
2023-05-15T16:12:23,codecarbon,24aea97a-5038-42b2-b602-01aea713751b,0.0983591079711914,8.800369898478193e-08,8.947183519655087e-07,5.0,0.0,12.0,1.3647079467773438e-07,0,3.267065684000652e-07,4.631773630777995e-07,Spain,ESP,catalonia,,,macOS-13.4-arm64-arm-64bit,3.10.11,2.2.1,10,Apple M1 Pro,,,2.1701,41.387,32.0,machine,N
2023-05-15T16:12:25,codecarbon,981f6429-eae9-43c2-a172-5596911d1b64,0.2083241939544677,1.8679824935065378e-07,8.966709329569335e-07,5.0,0.0,12.0,2.892679638332791e-07,0,6.938807169596355e-07,9.831486807929149e-07,Spain,ESP,catalonia,,,macOS-13.4-arm64-arm-64bit,3.10.11,2.2.1,10,Apple M1 Pro,,,2.1701,41.387,32.0,machine,N
2023-05-15T16:12:27,codecarbon,69b261cf-aa60-4f80-9b68-825ce2190805,0.0930337905883789,8.31896550125546e-08,8.941875256982814e-07,5.0,0.0,12.0,1.290635930167304e-07,0,3.087766965230306e-07,4.37840289539761e-07,Spain,ESP,catalonia,,,macOS-13.4-arm64-arm-64bit,3.10.11,2.2.1,10,Apple M1 Pro,,,2.1701,41.387,32.0,machine,N
2023-05-15T16:12:28,codecarbon,8294a65a-ddbb-4c9c-9f5f-b379a44ad633,0.1066429615020752,9.52694038550059e-08,8.93349195419259e-07,5.0,0.0,12.0,1.4777878920237228e-07,0,3.536391258239747e-07,5.014179150263468e-07,Spain,ESP,catalonia,,,macOS-13.4-arm64-arm-64bit,3.10.11,2.2.1,10,Apple M1 Pro,,,2.1701,41.387,32.0,machine,N
2023-05-15T16:12:29,codecarbon,0505efb2-3919-4c28-a2f0-8a91146e37bf,0.0956029891967773,8.5551522175471e-08,8.94862418991757e-07,5.0,0.0,12.0,1.3266106446584066e-07,0,3.176101048787435e-07,4.502711693445842e-07,Spain,ESP,catalonia,,,macOS-13.4-arm64-arm-64bit,3.10.11,2.2.1,10,Apple M1 Pro,,,2.1701,41.387,32.0,machine,N
2023-05-15T16:12:31,codecarbon,b3608dd8-87fc-4820-8ff3-65e325a4be8b,0.0884029865264892,7.91233049498664e-08,8.950297728477502e-07,5.0,0.0,12.0,1.226749685075548e-07,0,2.937634785970052e-07,4.1643844710456e-07,Spain,ESP,catalonia,,,macOS-13.4-arm64-arm-64bit,3.10.11,2.2.1,10,Apple M1 Pro,,,2.1701,41.387,32.0,machine,N
2023-05-15T16:12:32,codecarbon,efd4fa3d-41dd-4024-a40c-6e6aed81acd2,0.0919189453125,8.231887221336365e-08,8.955593641060758e-07,5.0,0.0,12.0,1.2758076190948486e-07,0,3.056764602661133e-07,4.3325722217559817e-07,Spain,ESP,catalonia,,,macOS-13.4-arm64-arm-64bit,3.10.11,2.2.1,10,Apple M1 Pro,,,2.1701,41.387,32.0,machine,N
2023-05-15T16:12:33,codecarbon,9d5fe292-1d5f-4ba1-a3b2-29ced6228d22,0.0875442028045654,7.83446186118656e-08,8.949149812553883e-07,5.0,0.0,12.0,1.21472610367669e-07,0,2.9086748758951825e-07,4.123400979571873e-07,Spain,ESP,catalonia,,,macOS-13.4-arm64-arm-64bit,3.10.11,2.2.1,10,Apple M1 Pro,,,2.1701,41.387,32.0,machine,N
2023-05-15T16:12:34,codecarbon,c51a8e01-7537-44cb-a59c-b8a47bf7b307,0.0923900604248046,8.26848672495948e-08,8.949541419219133e-07,5.0,0.0,12.0,1.2819733884599478e-07,0,3.069861729939779e-07,4.351835118399726e-07,Spain,ESP,catalonia,,,macOS-13.4-arm64-arm-64bit,3.10.11,2.2.1,10,Apple M1 Pro,,,2.1701,41.387,32.0,machine,N
2023-05-15T16:12:39,codecarbon,5fdf9937-6480-4942-aa5a-6a93ff82eaf8,0.2138869762420654,1.917775359418657e-07,8.966302638493638e-07,5.0,0.0,12.0,2.969957060284085e-07,0,7.123597462972005e-07,1.009355452325609e-06,Spain,ESP,catalonia,,,macOS-13.4-arm64-arm-64bit,3.10.11,2.2.1,10,Apple M1 Pro,,,2.1701,41.387,32.0,machine,N
2023-05-15T16:12:41,codecarbon,c4881a42-83ca-4df4-962f-e918ec34dde9,0.2657573223114013,2.3832460244496665e-07,8.967753000073865e-07,5.0,0.0,12.0,3.690361976623535e-07,0,8.85303815205892e-07,1.2543400128682455e-06,Spain,ESP,catalonia,,,macOS-13.4-arm64-arm-64bit,3.10.11,2.2.1,10,Apple M1 Pro,,,2.1701,41.387,32.0,machine,N
2023-05-15T16:12:43,codecarbon,f60a1c6b-f55f-41ee-94ba-e74955206fa5,0.0891718864440918,7.981378303633796e-08,8.950554509843066e-07,5.0,0.0,12.0,1.2374288505978057e-07,0,2.9632965723673505e-07,4.200725422965156e-07,Spain,ESP,catalonia,,,macOS-13.4-arm64-arm-64bit,3.10.11,2.2.1,10,Apple M1 Pro,,,2.1701,41.387,32.0,machine,N
2023-05-15T16:12:44,codecarbon,91f28503-44c1-4419-9300-66adac871b75,0.0913338661193847,8.173994421958925e-08,8.949576722477173e-07,5.0,0.0,12.0,1.267304023106893e-07,0,3.034798304239909e-07,4.302102327346802e-07,Spain,ESP,catalonia,,,macOS-13.4-arm64-arm-64bit,3.10.11,2.2.1,10,Apple M1 Pro,,,2.1701,41.387,32.0,machine,N
2023-05-15T16:12:45,codecarbon,d71bc7a1-ab23-4d7f-9084-064bdb241f0f,0.0918388366699218,8.221927616331315e-08,8.952560718818509e-07,5.0,0.0,12.0,1.2744996282789446e-07,0,3.052830696105957e-07,4.327330324384902e-07,Spain,ESP,catalonia,,,macOS-13.4-arm64-arm-64bit,3.10.11,2.2.1,10,Apple M1 Pro,,,2.1701,41.387,32.0,machine,N
2023-05-15T16:12:46,codecarbon,ec6d64cf-3f63-4f8a-a3ed-77a9f2cd8b5d,0.0935490131378173,8.375140693452627e-08,8.952676690575324e-07,5.0,0.0,12.0,1.2982355223761665e-07,0,3.10973326365153e-07,4.407968786027697e-07,Spain,ESP,catalonia,,,macOS-13.4-arm64-arm-64bit,3.10.11,2.2.1,10,Apple M1 Pro,,,2.1701,41.387,32.0,machine,N
2023-05-15T16:12:48,codecarbon,e533acf2-299a-4407-9a90-3227533129e2,0.0902819633483886,8.079761332935757e-08,8.949474549813235e-07,5.0,0.0,12.0,1.2527075078752306e-07,0,2.9997984568278e-07,4.25250596470303e-07,Spain,ESP,catalonia,,,macOS-13.4-arm64-arm-64bit,3.10.11,2.2.1,10,Apple M1 Pro,,,2.1701,41.387,32.0,machine,N
2023-05-15T16:12:49,codecarbon,050a91cd-4ada-4fdc-9ff0-7a96ca54ca81,0.0861308574676513,7.70574324660831e-08,8.946553503780451e-07,5.0,0.0,12.0,1.1949572298261854e-07,0,2.860697110493978e-07,4.055654340320163e-07,Spain,ESP,catalonia,,,macOS-13.4-arm64-arm-64bit,3.10.11,2.2.1,10,Apple M1 Pro,,,2.1701,41.387,32.0,machine,N
2023-05-15T16:12:51,codecarbon,cf9178aa-3b78-442c-8f0e-750c1e2a694d,0.16579270362854,1.4862967067294652e-07,8.964789608953634e-07,5.0,0.0,12.0,2.301984363132053e-07,0,5.520629882812501e-07,7.822614245944554e-07,Spain,ESP,catalonia,,,macOS-13.4-arm64-arm-64bit,3.10.11,2.2.1,10,Apple M1 Pro,,,2.1701,41.387,32.0,machine,N
2023-05-15T16:12:52,codecarbon,21cd1217-a3a1-4ab4-9220-9d0711bb22a1,0.087623119354248,7.841531104511686e-08,8.949157667863282e-07,5.0,0.0,12.0,1.2157923645443388e-07,0,2.91132926940918e-07,4.127121633953519e-07,Spain,ESP,catalonia,,,macOS-13.4-arm64-arm-64bit,3.10.11,2.2.1,10,Apple M1 Pro,,,2.1701,41.387,32.0,machine,N
2023-05-15T16:12:53,codecarbon,c2342959-0c88-4957-8e64-e8aaa8aae5f2,0.0893018245697021,7.993414137098525e-08,8.951008756668212e-07,5.0,0.0,12.0,1.239193810356988e-07,0,2.96786626180013e-07,4.207060072157118e-07,Spain,ESP,catalonia,,,macOS-13.4-arm64-arm-64bit,3.10.11,2.2.1,10,Apple M1 Pro,,,2.1701,41.387,32.0,machine,N
2023-05-15T16:12:55,codecarbon,2a3f336e-a81c-447d-83e2-1d2b85317ebd,0.0875849723815918,7.817882233195834e-08,8.926054345412982e-07,5.0,0.0,12.0,1.2127790186140272e-07,0,2.901895840962728e-07,4.1146748595767546e-07,Spain,ESP,catalonia,,,macOS-13.4-arm64-arm-64bit,3.10.11,2.2.1,10,Apple M1 Pro,,,2.1701,41.387,32.0,machine,N
2023-05-15T16:12:56,codecarbon,184871b8-589a-4fce-8cf9-b44b29e2193a,0.0873980522155761,7.823081612586977e-08,8.951093776427133e-07,5.0,0.0,12.0,1.2128055095672606e-07,0,2.904605865478516e-07,4.1174113750457763e-07,Spain,ESP,catalonia,,,macOS-13.4-arm64-arm-64bit,3.10.11,2.2.1,10,Apple M1 Pro,,,2.1701,41.387,32.0,machine,N
2023-05-15T16:12:57,codecarbon,1a40b05f-1f8f-42ff-886c-3eee42ea1323,0.0895719528198242,8.017551236682468e-08,8.950961751174426e-07,5.0,0.0,12.0,1.2429886394076876e-07,0,2.976775169372559e-07,4.219763808780247e-07,Spain,ESP,catalonia,,,macOS-13.4-arm64-arm-64bit,3.10.11,2.2.1,10,Apple M1 Pro,,,2.1701,41.387,32.0,machine,N
2023-05-15T16:12:59,codecarbon,4370f082-0bbd-44e0-9cf2-2b7dcf1fd496,0.0873448848724365,7.818463577164543e-08,8.951255232155925e-07,5.0,0.0,12.0,1.2120836310916476e-07,0,2.9028971989949544e-07,4.114980830086602e-07,Spain,ESP,catalonia,,,macOS-13.4-arm64-arm-64bit,3.10.11,2.2.1,10,Apple M1 Pro,,,2.1701,41.387,32.0,machine,N
2023-05-15T16:13:00,codecarbon,e1770cfa-058f-4378-91c2-f6eb9c7e8ae0,0.092419147491455,8.271457619137234e-08,8.949939318475103e-07,5.0,0.0,12.0,1.2823608186509874e-07,0,3.071037928263346e-07,4.353398746914334e-07,Spain,ESP,catalonia,,,macOS-13.4-arm64-arm-64bit,3.10.11,2.2.1,10,Apple M1 Pro,,,2.1701,41.387,32.0,machine,N
2023-05-15T16:13:04,codecarbon,d4d4d7f9-dc53-428e-ae50-29019bbcd6fb,0.3007452487945556,2.697068962785933e-07,8.967952024500137e-07,5.0,0.0,12.0,4.176321956846449e-07,0,1.001877784729004e-06,1.4195099804136489e-06,Spain,ESP,catalonia,,,macOS-13.4-arm64-arm-64bit,3.10.11,2.2.1,10,Apple M1 Pro,,,2.1701,41.387,32.0,machine,N
2023-05-15T16:13:07,codecarbon,2b500781-60bd-4ea4-b95d-465536cbd677,0.2366070747375488,2.1216597358385725e-07,8.967017314220113e-07,5.0,0.0,12.0,3.285457690556845e-07,0,7.88117249806722e-07,1.1166630188624063e-06,Spain,ESP,catalonia,,,macOS-13.4-arm64-arm-64bit,3.10.11,2.2.1,10,Apple M1 Pro,,,2.1701,41.387,32.0,machine,N
2023-05-15T16:13:08,codecarbon,cd5b315b-5196-4c60-9a21-617f04a451c7,0.0880451202392578,7.880824671851264e-08,8.950893190259213e-07,5.0,0.0,12.0,1.2217627631293406e-07,0,2.926039695739746e-07,4.147802458869086e-07,Spain,ESP,catalonia,,,macOS-13.4-arm64-arm-64bit,3.10.11,2.2.1,10,Apple M1 Pro,,,2.1701,41.387,32.0,machine,N
2023-05-15T16:13:10,codecarbon,c140e14b-aa99-4bab-a8eb-d9876db6fccc,0.0675098896026611,6.032888227038915e-08,8.936302906946402e-07,5.0,0.0,12.0,9.36342610253228e-08,0,2.238861719767253e-07,3.175204330020481e-07,Spain,ESP,catalonia,,,macOS-13.4-arm64-arm-64bit,3.10.11,2.2.1,10,Apple M1 Pro,,,2.1701,41.387,32.0,machine,N
2023-05-15T16:13:11,codecarbon,2a8fd1a0-952a-4aa0-b46c-03b74d8d967a,0.073843240737915,6.600748035642836e-08,8.938865588348511e-07,5.0,0.0,12.0,1.0242395930820044e-07,0,2.4498383204142255e-07,3.4740779134962295e-07,Spain,ESP,catalonia,,,macOS-13.4-arm64-arm-64bit,3.10.11,2.2.1,10,Apple M1 Pro,,,2.1701,41.387,32.0,machine,N
2023-05-15T16:13:12,codecarbon,d47452b4-e74e-4624-af3c-6610b1a3265a,0.0626039505004882,5.5931002563900426e-08,8.934101141662647e-07,5.0,0.0,12.0,8.681284056769478e-08,0,2.075608571370443e-07,2.9437369770473906e-07,Spain,ESP,catalonia,,,macOS-13.4-arm64-arm-64bit,3.10.11,2.2.1,10,Apple M1 Pro,,,2.1701,41.387,32.0,machine,N
2023-05-15T16:13:13,codecarbon,37dd2a78-de57-4df4-aa86-0f978d59d9a5,0.0710477828979492,6.357927454842464e-08,8.94880486837258e-07,5.0,0.0,12.0,9.858144654168025e-08,0,2.360463142395021e-07,3.3462776078118217e-07,Spain,ESP,catalonia,,,macOS-13.4-arm64-arm-64bit,3.10.11,2.2.1,10,Apple M1 Pro,,,2.1701,41.387,32.0,machine,N
2023-05-15T16:13:14,codecarbon,ee767768-268c-4a76-8666-21bdf4502013,0.0616199970245361,5.510846376419068e-08,8.943275953461557e-07,5.0,0.0,12.0,8.547504742940269e-08,0,2.0456949869791665e-07,2.900445461273193e-07,Spain,ESP,catalonia,,,macOS-13.4-arm64-arm-64bit,3.10.11,2.2.1,10,Apple M1 Pro,,,2.1701,41.387,32.0,machine,N
2023-05-15T16:13:15,codecarbon,de57e60b-514c-472d-ad5c-d8e14b14e021,0.0662620067596435,5.926436848110622e-08,8.943944106021371e-07,5.0,0.0,12.0,9.19249322679308e-08,0,2.199927965799968e-07,3.119177288479275e-07,Spain,ESP,catalonia,,,macOS-13.4-arm64-arm-64bit,3.10.11,2.2.1,10,Apple M1 Pro,,,2.1701,41.387,32.0,machine,N
2023-05-15T16:13:16,codecarbon,6772e627-581a-46ac-8441-75f0b55b1fad,0.0670080184936523,5.999443332354228e-08,8.953321508712504e-07,5.0,0.0,12.0,9.300013383229574e-08,0,2.227600415547689e-07,3.157601753870647e-07,Spain,ESP,catalonia,,,macOS-13.4-arm64-arm-64bit,3.10.11,2.2.1,10,Apple M1 Pro,,,2.1701,41.387,32.0,machine,N
2023-05-15T16:13:17,codecarbon,fd578211-542c-4409-8cc5-e5579d11c3c4,0.0662319660186767,5.9273478719923243e-08,8.949376303159822e-07,5.0,0.0,12.0,9.189579221937393e-08,0,2.200698852539063e-07,3.119656774732802e-07,Spain,ESP,catalonia,,,macOS-13.4-arm64-arm-64bit,3.10.11,2.2.1,10,Apple M1 Pro,,,2.1701,41.387,32.0,machine,N
2023-05-15T16:13:18,codecarbon,bba1c792-db6f-42d3-b500-8b1c3e1517c0,0.058568000793457,5.2361449930402975e-08,8.940282956739164e-07,5.0,0.0,12.0,8.122060034010145e-08,0,1.943659782409668e-07,2.755865785810683e-07,Spain,ESP,catalonia,,,macOS-13.4-arm64-arm-64bit,3.10.11,2.2.1,10,Apple M1 Pro,,,2.1701,41.387,32.0,machine,N
2023-05-15T16:13:19,codecarbon,c02bc866-d4b6-430e-853f-d68ffa160d49,0.0635697841644287,5.6753176450729374e-08,8.927696891959301e-07,5.0,0.0,12.0,8.81582498550415e-08,0,2.1054267883300786e-07,2.9870092868804934e-07,Spain,ESP,catalonia,,,macOS-13.4-arm64-arm-64bit,3.10.11,2.2.1,10,Apple M1 Pro,,,2.1701,41.387,32.0,machine,N
2023-05-15T16:13:20,codecarbon,3eb641e0-90b9-4d5e-9c71-77bcb72489fa,0.07395601272583,6.612434056070118e-08,8.941036451740237e-07,5.0,0.0,12.0,1.0259317027197945e-07,0,2.454296747843425e-07,3.480228450563219e-07,Spain,ESP,catalonia,,,macOS-13.4-arm64-arm-64bit,3.10.11,2.2.1,10,Apple M1 Pro,,,2.1701,41.387,32.0,machine,N
2023-05-15T16:13:22,codecarbon,5052aceb-ddac-4153-a3c4-cd1d63cff669,0.0620648860931396,5.5568253993988064e-08,8.953251587475367e-07,5.0,0.0,12.0,8.613467216491698e-08,0,2.0632982254028329e-07,2.924644947052002e-07,Spain,ESP,catalonia,,,macOS-13.4-arm64-arm-64bit,3.10.11,2.2.1,10,Apple M1 Pro,,,2.1701,41.387,32.0,machine,N
2023-05-15T16:13:23,codecarbon,bb94d68c-b929-4774-8126-300e50656ce8,0.0625557899475097,5.595933993657431e-08,8.945509277962839e-07,5.0,0.0,12.0,8.67903232574463e-08,0,2.0773251851399746e-07,2.9452284177144373e-07,Spain,ESP,catalonia,,,macOS-13.4-arm64-arm-64bit,3.10.11,2.2.1,10,Apple M1 Pro,,,2.1701,41.387,32.0,machine,N
2023-05-15T16:13:24,codecarbon,3649b493-72bb-45b3-9e47-3681d8e6da04,0.063608169555664,5.691453086005319e-08,8.947676258825021e-07,5.0,0.0,12.0,8.825725979275176e-08,0,2.1129290262858082e-07,2.995501624213325e-07,Spain,ESP,catalonia,,,macOS-13.4-arm64-arm-64bit,3.10.11,2.2.1,10,Apple M1 Pro,,,2.1701,41.387,32.0,machine,N
2023-05-15T16:13:25,codecarbon,24faf4b2-5b5d-470f-9226-3fab15744650,0.0575158596038818,5.1452703608406923e-08,8.945828848385027e-07,5.0,0.0,12.0,7.97970427407159e-08,0,1.910066604614258e-07,2.708037032021417e-07,Spain,ESP,catalonia,,,macOS-13.4-arm64-arm-64bit,3.10.11,2.2.1,10,Apple M1 Pro,,,2.1701,41.387,32.0,machine,N
2023-05-15T16:13:29,codecarbon,27278294-ceac-4cb6-acd9-abca5321f8bb,0.1686232089996338,1.511723710430993e-07,8.96509869192607e-07,5.0,0.0,12.0,2.341333362791273e-07,0,5.615107218424479e-07,7.956440581215753e-07,Spain,ESP,catalonia,,,macOS-13.4-arm64-arm-64bit,3.10.11,2.2.1,10,Apple M1 Pro,,,2.1701,41.387,32.0,machine,N
2023-05-15T16:13:31,codecarbon,6d4ad388-0457-4f03-958a-aba9fdaf4ca0,0.2102799415588379,1.8855441146426733e-07,8.966828222724629e-07,5.0,0.0,12.0,2.9198858473036025e-07,0,7.004030545552572e-07,9.923916392856177e-07,Spain,ESP,catalonia,,,macOS-13.4-arm64-arm-64bit,3.10.11,2.2.1,10,Apple M1 Pro,,,2.1701,41.387,32.0,machine,N
2023-05-15T16:13:32,codecarbon,62795b6e-127d-4315-8d5d-b884aaab9f24,0.061136245727539,5.4614812135696415e-08,8.933295050385299e-07,5.0,0.0,12.0,8.476277192433675e-08,0,2.026836077372233e-07,2.8744637966156004e-07,Spain,ESP,catalonia,,,macOS-13.4-arm64-arm-64bit,3.10.11,2.2.1,10,Apple M1 Pro,,,2.1701,41.387,32.0,machine,N
2023-05-15T16:13:33,codecarbon,c962a3c2-9dcd-40a4-b63a-57404f014d54,0.143284797668457,1.2842292189598085e-07,8.962773719591335e-07,5.0,0.0,12.0,1.989275217056275e-07,0,4.76982593536377e-07,6.759101152420044e-07,Spain,ESP,catalonia,,,macOS-13.4-arm64-arm-64bit,3.10.11,2.2.1,10,Apple M1 Pro,,,2.1701,41.387,32.0,machine,N
2023-05-15T16:13:34,codecarbon,23a5a1bd-2a9e-4b12-b7c4-1ccce98a93ad,0.0675570964813232,6.044020586543613e-08,8.946536931489553e-07,5.0,0.0,12.0,9.372664822472469e-08,0,2.243796984354655e-07,3.181063466601902e-07,Spain,ESP,catalonia,,,macOS-13.4-arm64-arm-64bit,3.10.11,2.2.1,10,Apple M1 Pro,,,2.1701,41.387,32.0,machine,N
2023-05-15T16:13:35,codecarbon,b783c24b-cf76-49ca-bd28-a05ed8183d7a,0.0705089569091796,6.310404472880894e-08,8.949791274049226e-07,5.0,0.0,12.0,9.783340824974909e-08,0,2.342931429545085e-07,3.321265512042576e-07,Spain,ESP,catalonia,,,macOS-13.4-arm64-arm-64bit,3.10.11,2.2.1,10,Apple M1 Pro,,,2.1701,41.387,32.0,machine,N
2023-05-15T16:13:37,codecarbon,00c96696-ce12-475a-adf8-094d49cd38c5,0.069009780883789,6.177699499660069e-08,8.951918728829434e-07,5.0,0.0,12.0,9.576512707604305e-08,0,2.2937695185343425e-07,3.251420789294773e-07,Spain,ESP,catalonia,,,macOS-13.4-arm64-arm-64bit,3.10.11,2.2.1,10,Apple M1 Pro,,,2.1701,41.387,32.0,machine,N
2023-05-15T16:13:38,codecarbon,210c32b4-91f5-478a-8eaf-679ab2af1685,0.063594102859497,5.6831003559960265e-08,8.936520998734898e-07,5.0,0.0,12.0,8.819037013583714e-08,0,2.109201749165853e-07,2.991105450524224e-07,Spain,ESP,catalonia,,,macOS-13.4-arm64-arm-64bit,3.10.11,2.2.1,10,Apple M1 Pro,,,2.1701,41.387,32.0,machine,N
2023-05-15T16:13:39,codecarbon,f665b741-bf82-4973-a0e3-f8ea744b98ee,0.0658631324768066,5.8868010176552674e-08,8.937930517848165e-07,5.0,0.0,12.0,9.135438336266413e-08,0,2.184772491455078e-07,3.098316325081719e-07,Spain,ESP,catalonia,,,macOS-13.4-arm64-arm-64bit,3.10.11,2.2.1,10,Apple M1 Pro,,,2.1701,41.387,32.0,machine,N
2023-05-15T16:13:40,codecarbon,eb811dc2-d5cb-4ac6-8f0d-52830d1d7c51,0.0637540817260742,5.702275898721483e-08,8.944173838503205e-07,5.0,0.0,12.0,8.844302760230171e-08,0,2.1167675654093426e-07,3.00119784143236e-07,Spain,ESP,catalonia,,,macOS-13.4-arm64-arm-64bit,3.10.11,2.2.1,10,Apple M1 Pro,,,2.1701,41.387,32.0,machine,N
2023-05-15T16:13:41,codecarbon,e4a75157-74c5-4daf-8dfd-7d43fbf52ae9,0.0685303211212158,6.131178140640258e-08,8.946664834381098e-07,5.0,0.0,12.0,9.507934252421062e-08,0,2.276142438252767e-07,3.226935863494873e-07,Spain,ESP,catalonia,,,macOS-13.4-arm64-arm-64bit,3.10.11,2.2.1,10,Apple M1 Pro,,,2.1701,41.387,32.0,machine,N
2023-05-15T16:13:42,codecarbon,e0c5ae92-3f18-4f6b-b2a8-527125fbfc20,0.0657322406768798,5.87916804684533e-08,8.94411629103832e-07,5.0,0.0,12.0,9.119345082177057e-08,0,2.1823644638061529e-07,3.094298972023858e-07,Spain,ESP,catalonia,,,macOS-13.4-arm64-arm-64bit,3.10.11,2.2.1,10,Apple M1 Pro,,,2.1701,41.387,32.0,machine,N
2023-05-15T16:13:43,codecarbon,84c07840-42c5-479d-b740-af6a1be15f0a,0.0646009445190429,5.7800325420167764e-08,8.947287977055727e-07,5.0,0.0,12.0,8.9629160033332e-08,0,2.1458307902018229e-07,3.042122390535143e-07,Spain,ESP,catalonia,,,macOS-13.4-arm64-arm-64bit,3.10.11,2.2.1,10,Apple M1 Pro,,,2.1701,41.387,32.0,machine,N
2023-05-15T16:13:44,codecarbon,a38d4059-8b59-46bf-b4d0-0efa658f370a,0.0695421695709228,6.221253739462958e-08,8.946016176728838e-07,5.0,0.0,12.0,9.648071395026316e-08,0,2.309536933898926e-07,3.274344073401557e-07,Spain,ESP,catalonia,,,macOS-13.4-arm64-arm-64bit,3.10.11,2.2.1,10,Apple M1 Pro,,,2.1701,41.387,32.0,machine,N
2023-05-15T16:13:45,codecarbon,351e1328-6b18-4656-9407-a3f1203ab13d,0.0657620429992675,5.8821779489517216e-08,8.944639917919268e-07,5.0,0.0,12.0,9.123186270395916e-08,0,2.18356450398763e-07,3.0958831310272215e-07,Spain,ESP,catalonia,,,macOS-13.4-arm64-arm-64bit,3.10.11,2.2.1,10,Apple M1 Pro,,,2.1701,41.387,32.0,machine,N
2023-05-15T16:13:47,codecarbon,902e62ff-ddf2-4f97-bc09-6f36faa39389,0.1607422828674316,1.440992143419054e-07,8.964611661061687e-07,5.0,0.0,12.0,2.23186280992296e-07,0,5.352306365966797e-07,7.584169175889758e-07,Spain,ESP,catalonia,,,macOS-13.4-arm64-arm-64bit,3.10.11,2.2.1,10,Apple M1 Pro,,,2.1701,41.387,32.0,machine,N
2023-05-15T16:13:48,codecarbon,86a1c065-e41a-4b93-bfde-df3a8e3c6dc8,0.0655658245086669,5.86086200343238e-08,8.938897737277209e-07,5.0,0.0,12.0,9.092059400346544e-08,0,2.175458272298177e-07,3.084664212332832e-07,Spain,ESP,catalonia,,,macOS-13.4-arm64-arm-64bit,3.10.11,2.2.1,10,Apple M1 Pro,,,2.1701,41.387,32.0,machine,N
2023-05-15T16:13:49,codecarbon,3b940c2e-3621-44de-89c1-c2d4a253e6bd,0.0631837844848632,5.6469098064634536e-08,8.937276949303762e-07,5.0,0.0,12.0,8.761915895673965e-08,0,2.095866203308105e-07,2.9720577928755015e-07,Spain,ESP,catalonia,,,macOS-13.4-arm64-arm-64bit,3.10.11,2.2.1,10,Apple M1 Pro,,,2.1701,41.387,32.0,machine,N
2023-05-15T16:13:50,codecarbon,912ecc5e-dae4-408a-a3ab-7c22849e3c3a,0.1093261241912841,9.793506728278269e-08,8.95806633659024e-07,5.0,0.0,12.0,1.5176402197943794e-07,0,3.636837005615234e-07,5.154477225409614e-07,Spain,ESP,catalonia,,,macOS-13.4-arm64-arm-64bit,3.10.11,2.2.1,10,Apple M1 Pro,,,2.1701,41.387,32.0,machine,N
2023-05-15T16:13:54,codecarbon,beb43e72-e4c2-409b-93bc-461cda2321c9,0.2208108901977539,1.979914234744178e-07,8.966560630098477e-07,5.0,0.0,12.0,3.066039747662014e-07,0,7.354561487833659e-07,1.0420601235495673e-06,Spain,ESP,catalonia,,,macOS-13.4-arm64-arm-64bit,3.10.11,2.2.1,10,Apple M1 Pro,,,2.1701,41.387,32.0,machine,N
2023-05-15T16:13:56,codecarbon,28a16b7a-bc53-40d7-8abf-d7abc0d1ae8d,0.134537935256958,1.2059941622946e-07,8.963971091062426e-07,5.0,0.0,12.0,1.8679135375552706e-07,0,4.479424158732097e-07,6.347337696287367e-07,Spain,ESP,catalonia,,,macOS-13.4-arm64-arm-64bit,3.10.11,2.2.1,10,Apple M1 Pro,,,2.1701,41.387,32.0,machine,N
2023-05-15T16:13:57,codecarbon,e3550879-f6a0-4e30-a164-bd338c6828cc,0.0722742080688476,6.468156311247086e-08,8.949466876324105e-07,5.0,0.0,12.0,1.002821657392714e-07,0,2.401471138000488e-07,3.404292795393203e-07,Spain,ESP,catalonia,,,macOS-13.4-arm64-arm-64bit,3.10.11,2.2.1,10,Apple M1 Pro,,,2.1701,41.387,32.0,machine,N
2023-05-15T16:13:59,codecarbon,791c28fb-f1bc-4343-bca2-4e4f1748b735,0.0615630149841308,5.5103392733467984e-08,8.950730036154335e-07,5.0,0.0,12.0,8.542769485049779e-08,0,2.045901616414388e-07,2.9001785649193657e-07,Spain,ESP,catalonia,,,macOS-13.4-arm64-arm-64bit,3.10.11,2.2.1,10,Apple M1 Pro,,,2.1701,41.387,32.0,machine,N
2023-05-15T16:14:00,codecarbon,1f9c234a-64bb-4e96-9b62-594d8e26cb7a,0.143049955368042,1.282252649466197e-07,8.963670391697709e-07,5.0,0.0,12.0,1.9860963026682534e-07,0,4.762601852416993e-07,6.748698155085246e-07,Spain,ESP,catalonia,,,macOS-13.4-arm64-arm-64bit,3.10.11,2.2.1,10,Apple M1 Pro,,,2.1701,41.387,32.0,machine,N
2023-05-15T16:14:01,codecarbon,2ed01c8c-992d-40ef-a84c-a36b17e77e3c,0.0666730403900146,5.964272022247314e-08,8.945552786191162e-07,5.0,0.0,12.0,9.24984614054362e-08,0,2.2141059239705405e-07,3.139090538024903e-07,Spain,ESP,catalonia,,,macOS-13.4-arm64-arm-64bit,3.10.11,2.2.1,10,Apple M1 Pro,,,2.1701,41.387,32.0,machine,N
2023-05-15T16:14:02,codecarbon,86dea5ba-c6ce-4dfa-af1f-d0919bdcf2c0,0.1295320987701416,1.1609316998057896e-07,8.962502042570128e-07,5.0,0.0,12.0,1.7983350488874648e-07,0,4.311831792195638e-07,6.110166841083103e-07,Spain,ESP,catalonia,,,macOS-13.4-arm64-arm-64bit,3.10.11,2.2.1,10,Apple M1 Pro,,,2.1701,41.387,32.0,machine,N
2023-05-15T16:14:04,codecarbon,4fbcb05c-07e4-4850-913b-9f52ea1f940f,0.0843710899353027,7.555672195222643e-08,8.95528575133552e-07,5.0,0.0,12.0,1.1709994739956328e-07,0,2.805670102437337e-07,3.9766695764329697e-07,Spain,ESP,catalonia,,,macOS-13.4-arm64-arm-64bit,3.10.11,2.2.1,10,Apple M1 Pro,,,2.1701,41.387,32.0,machine,N
2023-05-15T16:14:05,codecarbon,9014f35e-5093-4937-837f-95f26e938984,0.0921201705932617,8.249830868509084e-08,8.955509760109507e-07,5.0,0.0,12.0,1.2786156601376005e-07,0,3.0634005864461264e-07,4.342016246583727e-07,Spain,ESP,catalonia,,,macOS-13.4-arm64-arm-64bit,3.10.11,2.2.1,10,Apple M1 Pro,,,2.1701,41.387,32.0,machine,N
2023-05-15T16:14:06,codecarbon,01b24711-d59e-4ee7-8a09-59136a37e13b,0.088710069656372,7.942858603265551e-08,8.953728290410618e-07,5.0,0.0,12.0,1.2311504946814642e-07,0,2.949301401774089e-07,4.180451896455553e-07,Spain,ESP,catalonia,,,macOS-13.4-arm64-arm-64bit,3.10.11,2.2.1,10,Apple M1 Pro,,,2.1701,41.387,32.0,machine,N
2023-05-15T16:14:08,codecarbon,7f4d83f3-1c0c-4d4f-b470-19a76c40c2a6,0.0950639247894287,8.514746295081245e-08,8.956863830250885e-07,5.0,0.0,12.0,1.3195143805609808e-07,0,3.161931037902833e-07,4.481445418463813e-07,Spain,ESP,catalonia,,,macOS-13.4-arm64-arm-64bit,3.10.11,2.2.1,10,Apple M1 Pro,,,2.1701,41.387,32.0,machine,N
2023-05-15T16:14:09,codecarbon,58736291-e60a-4a86-a06c-9e5c1e2e53ce,0.0885791778564453,7.934093144204881e-08,8.957063427550846e-07,5.0,0.0,12.0,1.229541169272529e-07,0,2.946297327677409e-07,4.175838496949938e-07,Spain,ESP,catalonia,,,macOS-13.4-arm64-arm-64bit,3.10.11,2.2.1,10,Apple M1 Pro,,,2.1701,41.387,32.0,machine,N
2023-05-15T16:14:10,codecarbon,b41b54ed-f30e-4db8-af85-ed418bfe0ab1,0.1597568988800048,1.431608471605513e-07,8.961168385478046e-07,5.0,0.0,12.0,2.2181504302554665e-07,0,5.316630999247233e-07,7.534781429502699e-07,Spain,ESP,catalonia,,,macOS-13.4-arm64-arm-64bit,3.10.11,2.2.1,10,Apple M1 Pro,,,2.1701,41.387,32.0,machine,N
2023-05-15T16:14:12,codecarbon,bfaceec1-c221-457d-b2bb-ba7cb244129e,0.0851178169250488,7.61918842792511e-08,8.95134379989356e-07,5.0,0.0,12.0,1.1811355749766033e-07,0,2.82896359761556e-07,4.010099172592163e-07,Spain,ESP,catalonia,,,macOS-13.4-arm64-arm-64bit,3.10.11,2.2.1,10,Apple M1 Pro,,,2.1701,41.387,32.0,machine,N
2023-05-15T16:14:13,codecarbon,37a9b195-fc70-4d61-abae-ef96f5cdd777,0.0851941108703613,7.629439963234797e-08,8.955360746524378e-07,5.0,0.0,12.0,1.182390583886041e-07,0,2.833104133605957e-07,4.015494717491998e-07,Spain,ESP,catalonia,,,macOS-13.4-arm64-arm-64bit,3.10.11,2.2.1,10,Apple M1 Pro,,,2.1701,41.387,32.0,machine,N
2023-05-15T16:14:15,codecarbon,f1e06b3f-7a4c-4226-b6bf-ef59c07611f0,0.0895779132843017,8.021777934498257e-08,8.95508461894931e-07,5.0,0.0,12.0,1.2433297104305694e-07,0,2.978658676147461e-07,4.22198838657803e-07,Spain,ESP,catalonia,,,macOS-13.4-arm64-arm-64bit,3.10.11,2.2.1,10,Apple M1 Pro,,,2.1701,41.387,32.0,machine,N
2023-05-15T16:14:19,codecarbon,199136a7-38d7-43d0-a4da-77671de97d36,0.2343218326568603,2.101170884238349e-07,8.967029919552109e-07,5.0,0.0,12.0,3.253764576382107e-07,0,7.805029551188151e-07,1.105879412757026e-06,Spain,ESP,catalonia,,,macOS-13.4-arm64-arm-64bit,3.10.11,2.2.1,10,Apple M1 Pro,,,2.1701,41.387,32.0,machine,N
2023-05-15T16:14:21,codecarbon,16c98819-0ea2-41df-bd45-f84379bea057,0.236497163772583,2.1206545896000333e-07,8.966934553343171e-07,5.0,0.0,12.0,3.283974197175768e-07,0,7.877365748087566e-07,1.1161339945263334e-06,Spain,ESP,catalonia,,,macOS-13.4-arm64-arm-64bit,3.10.11,2.2.1,10,Apple M1 Pro,,,2.1701,41.387,32.0,machine,N
2023-05-15T16:14:23,codecarbon,d4ffe4ce-a6a1-4993-9268-b2f5a3cb80d0,0.0827460289001464,7.407244510120817e-08,8.951782470503189e-07,5.0,0.0,12.0,1.1482801702287462e-07,0,2.750269571940105e-07,3.8985497421688507e-07,Spain,ESP,catalonia,,,macOS-13.4-arm64-arm-64bit,3.10.11,2.2.1,10,Apple M1 Pro,,,2.1701,41.387,32.0,machine,N
2023-05-15T16:14:24,codecarbon,9696ec81-780b-42cb-b4f5-b396713e62fd,0.1591150760650634,1.426386819945442e-07,8.964498243787911e-07,5.0,0.0,12.0,2.209232913123237e-07,0,5.298066139221192e-07,7.507299052344429e-07,Spain,ESP,catalonia,,,macOS-13.4-arm64-arm-64bit,3.10.11,2.2.1,10,Apple M1 Pro,,,2.1701,41.387,32.0,machine,N
2023-05-15T16:14:25,codecarbon,22148f1f-592a-4df3-b4d9-5beb5a9c4e78,0.083014965057373,7.430950005849204e-08,8.951337871085711e-07,5.0,0.0,12.0,1.1519988377889e-07,0,2.759027481079102e-07,3.911026318868002e-07,Spain,ESP,catalonia,,,macOS-13.4-arm64-arm-64bit,3.10.11,2.2.1,10,Apple M1 Pro,,,2.1701,41.387,32.0,machine,N
2023-05-15T16:14:27,codecarbon,7b75a7d1-9834-4bb4-928c-58f99806f711,0.0837059020996093,7.491451303164164e-08,8.949728890382658e-07,5.0,0.0,12.0,1.16156538327535e-07,0,2.7813037236531577e-07,3.942869106928509e-07,Spain,ESP,catalonia,,,macOS-13.4-arm64-arm-64bit,3.10.11,2.2.1,10,Apple M1 Pro,,,2.1701,41.387,32.0,machine,N
2023-05-15T16:14:28,codecarbon,0de63d5f-33f5-48cd-888f-44721a9892ca,0.081287145614624,7.275312145551046e-08,8.950138537331265e-07,5.0,0.0,12.0,1.1279483636220297e-07,0,2.701163291931152e-07,3.829111655553182e-07,Spain,ESP,catalonia,,,macOS-13.4-arm64-arm-64bit,3.10.11,2.2.1,10,Apple M1 Pro,,,2.1701,41.387,32.0,machine,N
2023-05-15T16:14:29,codecarbon,23a38040-3c9c-4189-837a-287b542a62e9,0.0837202072143554,7.494960758421155e-08,8.952391552533087e-07,5.0,0.0,12.0,1.161846849653456e-07,0,2.7828693389892576e-07,3.944716188642714e-07,Spain,ESP,catalonia,,,macOS-13.4-arm64-arm-64bit,3.10.11,2.2.1,10,Apple M1 Pro,,,2.1701,41.387,32.0,machine,N
2023-05-15T16:14:30,codecarbon,262df00e-493d-430a-ab30-d671acbad8be,0.0821537971496582,7.355049384964838e-08,8.952780808860566e-07,5.0,0.0,12.0,1.1400812202029757e-07,0,2.730997403462728e-07,3.871078623665704e-07,Spain,ESP,catalonia,,,macOS-13.4-arm64-arm-64bit,3.10.11,2.2.1,10,Apple M1 Pro,,,2.1701,41.387,32.0,machine,N
2023-05-15T16:14:31,codecarbon,3208d560-933e-4cc4-b59e-5cba95f22954,0.0823938846588134,7.375361190901865e-08,8.951345383753477e-07,5.0,0.0,12.0,1.1433727211422401e-07,0,2.7383963267008465e-07,3.881769047843086e-07,Spain,ESP,catalonia,,,macOS-13.4-arm64-arm-64bit,3.10.11,2.2.1,10,Apple M1 Pro,,,2.1701,41.387,32.0,machine,N
2023-05-15T16:14:33,codecarbon,7dab13a7-1558-4fc6-8a1a-0d278f23351d,0.0804648399353027,7.203230526712207e-08,8.952022439246656e-07,5.0,0.0,12.0,1.1166499720679389e-07,0,2.6745239893595377e-07,3.791173961427477e-07,Spain,ESP,catalonia,,,macOS-13.4-arm64-arm-64bit,3.10.11,2.2.1,10,Apple M1 Pro,,,2.1701,41.387,32.0,machine,N
2023-05-15T16:14:34,codecarbon,e64179bc-4517-4a5b-928b-a6dc0a55c365,0.2100100517272949,1.8831086357434602e-07,8.96675478271268e-07,5.0,0.0,12.0,2.916167179743449e-07,0,6.994930903116862e-07,9.91109808286031e-07,Spain,ESP,catalonia,,,macOS-13.4-arm64-arm-64bit,3.10.11,2.2.1,10,Apple M1 Pro,,,2.1701,41.387,32.0,machine,N
2023-05-15T16:14:36,codecarbon,716792b3-7cd3-43db-b27b-ef788eaf05c2,0.0865278244018554,7.745732665061951e-08,8.951724741268145e-07,5.0,0.0,12.0,1.2007057666778565e-07,0,2.875995635986328e-07,4.076701402664185e-07,Spain,ESP,catalonia,,,macOS-13.4-arm64-arm-64bit,3.10.11,2.2.1,10,Apple M1 Pro,,,2.1701,41.387,32.0,machine,N
2023-05-15T16:14:37,codecarbon,c5d49a46-b925-4b83-b5ae-70960c886249,0.0815818309783935,7.3036746846305e-08,8.952575097958799e-07,5.0,0.0,12.0,1.1321471797095404e-07,0,2.711892127990723e-07,3.844039307700264e-07,Spain,ESP,catalonia,,,macOS-13.4-arm64-arm-64bit,3.10.11,2.2.1,10,Apple M1 Pro,,,2.1701,41.387,32.0,machine,N
2023-05-15T16:14:38,codecarbon,bbb19173-f57c-437d-806b-40f208956a8b,0.0816280841827392,7.310264507929484e-08,8.955575254668639e-07,5.0,0.0,12.0,1.1329054832458496e-07,0,2.714602152506511e-07,3.84750763575236e-07,Spain,ESP,catalonia,,,macOS-13.4-arm64-arm-64bit,3.10.11,2.2.1,10,Apple M1 Pro,,,2.1701,41.387,32.0,machine,N
2023-05-15T16:14:39,codecarbon,c61f80af-879e-4386-9a6f-ee1ba06cfc03,0.079935073852539,7.155046926604375e-08,8.95107314193981e-07,5.0,0.0,12.0,1.10917952325609e-07,0,2.656634648640951e-07,3.76581417189704e-07,Spain,ESP,catalonia,,,macOS-13.4-arm64-arm-64bit,3.10.11,2.2.1,10,Apple M1 Pro,,,2.1701,41.387,32.0,machine,N
2023-05-15T16:14:44,codecarbon,b5e634c6-6c4f-4a60-af8b-0b77a453471e,0.2338209152221679,2.0967076222101849e-07,8.967151720443703e-07,5.0,0.0,12.0,3.246804078420004e-07,0,7.788499196370443e-07,1.1035303274790449e-06,Spain,ESP,catalonia,,,macOS-13.4-arm64-arm-64bit,3.10.11,2.2.1,10,Apple M1 Pro,,,2.1701,41.387,32.0,machine,N
2023-05-15T16:14:46,codecarbon,abed655a-d265-4ac0-a5a7-af746c5461be,0.1734302043914795,1.554624630345239e-07,8.963978539955041e-07,5.0,0.0,12.0,2.408030960294935e-07,0,5.774203936258952e-07,8.182234896553888e-07,Spain,ESP,catalonia,,,macOS-13.4-arm64-arm-64bit,3.10.11,2.2.1,10,Apple M1 Pro,,,2.1701,41.387,32.0,machine,N
2023-05-15T16:14:47,codecarbon,19b67b02-6cce-41be-905d-46c8e6184ce5,0.0882408618927002,7.898977200190229e-08,8.951609300683493e-07,5.0,0.0,12.0,1.2244582176208496e-07,0,2.932898203531901e-07,4.157356421152752e-07,Spain,ESP,catalonia,,,macOS-13.4-arm64-arm-64bit,3.10.11,2.2.1,10,Apple M1 Pro,,,2.1701,41.387,32.0,machine,N
2023-05-15T16:14:48,codecarbon,b915f917-a7b8-427d-8a89-b98dc7ec445c,0.085845947265625,7.681904368930394e-08,8.948476443693961e-07,5.0,0.0,12.0,1.191112730238173e-07,0,2.851994832356771e-07,4.043107562594944e-07,Spain,ESP,catalonia,,,macOS-13.4-arm64-arm-64bit,3.10.11,2.2.1,10,Apple M1 Pro,,,2.1701,41.387,32.0,machine,N
2023-05-15T16:14:50,codecarbon,9d1579b3-1783-4f6d-b36b-fc1309d99f1a,0.0801918506622314,7.17799743016561e-08,8.951031022340884e-07,5.0,0.0,12.0,1.1128584543863937e-07,0,2.665034929911296e-07,3.7778933842976893e-07,Spain,ESP,catalonia,,,macOS-13.4-arm64-arm-64bit,3.10.11,2.2.1,10,Apple M1 Pro,,,2.1701,41.387,32.0,machine,N
2023-05-15T16:14:51,codecarbon,39566319-7929-4b30-99a0-c02a997e4e6a,0.0870378017425537,7.791621088981629e-08,8.951996641675547e-07,5.0,0.0,12.0,1.2078583240509034e-07,0,2.89299488067627e-07,4.1008532047271734e-07,Spain,ESP,catalonia,,,macOS-13.4-arm64-arm-64bit,3.10.11,2.2.1,10,Apple M1 Pro,,,2.1701,41.387,32.0,machine,N
2023-05-15T16:14:52,codecarbon,2a9e086a-7498-40ab-b9b3-4e6fe3a53773,0.0850911140441894,7.622188263469273e-08,8.957678306469138e-07,5.0,0.0,12.0,1.1811090840233697e-07,0,2.8305689493815104e-07,4.0116780334048804e-07,Spain,ESP,catalonia,,,macOS-13.4-arm64-arm-64bit,3.10.11,2.2.1,10,Apple M1 Pro,,,2.1701,41.387,32.0,machine,N
2023-05-15T16:14:53,codecarbon,3a30fdeb-f47c-4bec-910e-554d508f417b,0.0845849514007568,7.57371273305681e-08,8.953971844439746e-07,5.0,0.0,12.0,1.1739300356970893e-07,0,2.812234560648601e-07,3.98616459634569e-07,Spain,ESP,catalonia,,,macOS-13.4-arm64-arm-64bit,3.10.11,2.2.1,10,Apple M1 Pro,,,2.1701,41.387,32.0,machine,N
2023-05-15T16:14:54,codecarbon,1c4dacaf-718a-491f-bb69-cd87bf7b7833,0.0827531814575195,7.407594323158267e-08,8.95143146485658e-07,5.0,0.0,12.0,1.1483927567799889e-07,0,2.750341097513835e-07,3.898733854293823e-07,Spain,ESP,catalonia,,,macOS-13.4-arm64-arm-64bit,3.10.11,2.2.1,10,Apple M1 Pro,,,2.1701,41.387,32.0,machine,N
2023-05-15T16:14:56,codecarbon,ad5ebe6c-8810-48eb-9d2c-583287dd199a,0.0833709239959716,7.464359667566089e-08,8.953192923622571e-07,5.0,0.0,12.0,1.1570420530107289e-07,0,2.771568298339844e-07,3.928610351350572e-07,Spain,ESP,catalonia,,,macOS-13.4-arm64-arm-64bit,3.10.11,2.2.1,10,Apple M1 Pro,,,2.1701,41.387,32.0,machine,N
2023-05-15T16:14:57,codecarbon,881379bc-f9fa-4a15-843a-f8b38d8c8e44,0.0791168212890625,7.081912093692357e-08,8.951209083360122e-07,5.0,0.0,12.0,1.097891065809462e-07,0,2.629431088765463e-07,3.727322154574925e-07,Spain,ESP,catalonia,,,macOS-13.4-arm64-arm-64bit,3.10.11,2.2.1,10,Apple M1 Pro,,,2.1701,41.387,32.0,machine,N
2023-05-15T16:14:58,codecarbon,3b312a7f-d6b9-4582-93eb-a7f1f0b5a654,0.0830540657043457,7.434750133090549e-08,8.951699197431985e-07,5.0,0.0,12.0,1.15252865685357e-07,0,2.760497728983561e-07,3.9130263858371307e-07,Spain,ESP,catalonia,,,macOS-13.4-arm64-arm-64bit,3.10.11,2.2.1,10,Apple M1 Pro,,,2.1701,41.387,32.0,machine,N
2023-05-15T16:14:59,codecarbon,ff318985-8e1c-4cfa-9204-54cf13d2590d,0.0816788673400878,7.311974565188092e-08,8.952100835021475e-07,5.0,0.0,12.0,1.1334717273712161e-07,0,2.714935938517253e-07,3.848407665888469e-07,Spain,ESP,catalonia,,,macOS-13.4-arm64-arm-64bit,3.10.11,2.2.1,10,Apple M1 Pro,,,2.1701,41.387,32.0,machine,N
2023-05-15T16:15:00,codecarbon,3643c33f-1fb5-497d-8268-95d38a50dab9,0.0838620662689209,7.506329682138233e-08,8.950804596285104e-07,5.0,0.0,12.0,1.1635389592912465e-07,0,2.787160873413087e-07,3.950699832704333e-07,Spain,ESP,catalonia,,,macOS-13.4-arm64-arm-64bit,3.10.11,2.2.1,10,Apple M1 Pro,,,2.1701,41.387,32.0,machine,N
2023-05-15T16:15:01,codecarbon,eb5625c5-33da-467b-abcb-a1b80d767f3d,0.080960988998413,7.247333394156564e-08,8.951636440976058e-07,5.0,0.0,12.0,1.1235144403245717e-07,0,2.690871556599935e-07,3.8143859969245066e-07,Spain,ESP,catalonia,,,macOS-13.4-arm64-arm-64bit,3.10.11,2.2.1,10,Apple M1 Pro,,,2.1701,41.387,32.0,machine,N
2023-05-15T16:15:03,codecarbon,bf62334d-4ef5-495b-8cff-9f0f37a7c86f,0.0839831829071044,7.518469956186083e-08,8.952351763688708e-07,5.0,0.0,12.0,1.165486044353909e-07,0,2.791603406270345e-07,3.957089450624254e-07,Spain,ESP,catalonia,,,macOS-13.4-arm64-arm-64bit,3.10.11,2.2.1,10,Apple M1 Pro,,,2.1701,41.387,32.0,machine,N
2023-05-15T16:15:04,codecarbon,0515844a-679e-4678-bfa4-6da1c7733c28,0.0836000442504882,7.483676142162747e-08,8.951760982015315e-07,5.0,0.0,12.0,1.1601514286465125e-07,0,2.77862548828125e-07,3.938776916927762e-07,Spain,ESP,catalonia,,,macOS-13.4-arm64-arm-64bit,3.10.11,2.2.1,10,Apple M1 Pro,,,2.1701,41.387,32.0,machine,N
2023-05-15T16:15:05,codecarbon,3e4b62eb-966c-4d8d-9581-38bae3ca0b39,0.0831549167633056,7.442398203743829e-08,8.950039869474064e-07,5.0,0.0,12.0,1.1538200908237033e-07,0,2.76323159535726e-07,3.9170516861809625e-07,Spain,ESP,catalonia,,,macOS-13.4-arm64-arm-64bit,3.10.11,2.2.1,10,Apple M1 Pro,,,2.1701,41.387,32.0,machine,N
2023-05-15T16:15:10,codecarbon,359924ef-e3f8-4879-9dbc-1126c6b9d49a,0.2287161350250244,2.0508500271373325e-07,8.96679207574465e-07,5.0,0.0,12.0,3.175877862506443e-07,0,7.618069648742675e-07,1.079394751124912e-06,Spain,ESP,catalonia,,,macOS-13.4-arm64-arm-64bit,3.10.11,2.2.1,10,Apple M1 Pro,,,2.1701,41.387,32.0,machine,N
2023-05-15T16:15:11,codecarbon,f52e6bfd-db58-4f9b-859b-9b97f4f84952,0.0836968421936035,7.493284675810073e-08,8.952888160914084e-07,5.0,0.0,12.0,1.161528958214654e-07,0,2.7823050816853845e-07,3.943834039900039e-07,Spain,ESP,catalonia,,,macOS-13.4-arm64-arm-64bit,3.10.11,2.2.1,10,Apple M1 Pro,,,2.1701,41.387,32.0,machine,N
2023-05-15T16:15:12,codecarbon,5ac60f70-8123-4f64-b140-73a97b13f10f,0.083752155303955,7.495742175314161e-08,8.949909585144951e-07,5.0,0.0,12.0,1.1621548069847957e-07,0,2.7829726537068685e-07,3.945127460691664e-07,Spain,ESP,catalonia,,,macOS-13.4-arm64-arm-64bit,3.10.11,2.2.1,10,Apple M1 Pro,,,2.1701,41.387,32.0,machine,N
2023-05-15T16:15:13,codecarbon,fde2e7ba-deee-4572-8da5-d7b73ab06ae8,0.0850522518157959,7.614581717385188e-08,8.952827885000227e-07,5.0,0.0,12.0,1.1803640259636785e-07,0,2.8273105621337894e-07,4.0076745880974666e-07,Spain,ESP,catalonia,,,macOS-13.4-arm64-arm-64bit,3.10.11,2.2.1,10,Apple M1 Pro,,,2.1701,41.387,32.0,machine,N
2023-05-15T16:15:14,codecarbon,40a5a935-d1d8-417b-b972-1d2c4fb597d6,0.0913469791412353,8.1777517663108e-08,8.952405260897394e-07,5.0,0.0,12.0,1.2677080101437037e-07,0,3.03637186686198e-07,4.304079877005685e-07,Spain,ESP,catalonia,,,macOS-13.4-arm64-arm-64bit,3.10.11,2.2.1,10,Apple M1 Pro,,,2.1701,41.387,32.0,machine,N
2023-05-15T16:15:16,codecarbon,f64273cc-faf0-4389-b622-f0584b8bb075,0.0817761421203613,7.321143945058187e-08,8.952664866829546e-07,5.0,0.0,12.0,1.1348327000935873e-07,0,2.718400955200195e-07,3.853233655293784e-07,Spain,ESP,catalonia,,,macOS-13.4-arm64-arm-64bit,3.10.11,2.2.1,10,Apple M1 Pro,,,2.1701,41.387,32.0,machine,N
2023-05-15T16:15:17,codecarbon,b77be171-b9ab-47ff-b4ec-61aa2e285237,0.1501829624176025,1.346288945939806e-07,8.964325408605809e-07,5.0,0.0,12.0,2.085195647345649e-07,0,5.000535647074382e-07,7.085731294420031e-07,Spain,ESP,catalonia,,,macOS-13.4-arm64-arm-64bit,3.10.11,2.2.1,10,Apple M1 Pro,,,2.1701,41.387,32.0,machine,N
2023-05-15T16:15:18,codecarbon,e5f35e8e-51ce-492b-97f1-6c40b864c6cd,0.0584759712219238,5.2310601207945086e-08,8.945657526476923e-07,5.0,0.0,12.0,8.11262263192071e-08,0,1.941927274068197e-07,2.753189537260268e-07,Spain,ESP,catalonia,,,macOS-13.4-arm64-arm-64bit,3.10.11,2.2.1,10,Apple M1 Pro,,,2.1701,41.387,32.0,machine,N
2023-05-15T16:15:19,codecarbon,b78c059e-7a19-417c-a429-907110632898,0.064166784286499,5.741984711752999e-08,8.948531199748991e-07,5.0,0.0,12.0,8.903013335333933e-08,0,2.131795883178711e-07,3.022097216712104e-07,Spain,ESP,catalonia,,,macOS-13.4-arm64-arm-64bit,3.10.11,2.2.1,10,Apple M1 Pro,,,2.1701,41.387,32.0,machine,N
2023-05-15T16:15:20,codecarbon,e69ed8ec-33d5-4691-8b1c-487adaf96687,0.0612761974334716,5.4837849405076784e-08,8.949290540525936e-07,5.0,0.0,12.0,8.502668804592556e-08,0,2.035935719807943e-07,2.8862026002671986e-07,Spain,ESP,catalonia,,,macOS-13.4-arm64-arm-64bit,3.10.11,2.2.1,10,Apple M1 Pro,,,2.1701,41.387,32.0,machine,N
2023-05-15T16:15:22,codecarbon,87b91658-73d3-40d1-a350-e55c285e4d42,0.0641207695007324,5.7379593451817844e-08,8.948675117063655e-07,5.0,0.0,12.0,8.897483348846438e-08,0,2.1302302678426109e-07,3.0199786027272544e-07,Spain,ESP,catalonia,,,macOS-13.4-arm64-arm-64bit,3.10.11,2.2.1,10,Apple M1 Pro,,,2.1701,41.387,32.0,machine,N
2023-05-15T16:15:22,codecarbon,0f52eb63-abf3-40c9-b5a6-b467602ea57a,0.0626239776611328,5.60307244459788e-08,8.947167928100792e-07,5.0,0.0,12.0,8.688469727834066e-08,0,2.080138524373373e-07,2.948985497156779e-07,Spain,ESP,catalonia,,,macOS-13.4-arm64-arm-64bit,3.10.11,2.2.1,10,Apple M1 Pro,,,2.1701,41.387,32.0,machine,N
2023-05-15T16:15:23,codecarbon,3cf50b57-2716-4b5e-b783-956d06261877,0.0599761009216308,5.359821518262228e-08,8.936595470362039e-07,5.0,0.0,12.0,8.317927519480389e-08,0,1.9891659418741866e-07,2.820958693822225e-07,Spain,ESP,catalonia,,,macOS-13.4-arm64-arm-64bit,3.10.11,2.2.1,10,Apple M1 Pro,,,2.1701,41.387,32.0,machine,N
2023-05-15T16:15:24,codecarbon,c192783d-fe4e-4c3e-a77a-414c4ba2c25c,0.0581209659576416,5.1980317301220366e-08,8.94347099101957e-07,5.0,0.0,12.0,8.06308454937405e-08,0,1.929497718811035e-07,2.73580617374844e-07,Spain,ESP,catalonia,,,macOS-13.4-arm64-arm-64bit,3.10.11,2.2.1,10,Apple M1 Pro,,,2.1701,41.387,32.0,machine,N
2023-05-15T16:15:25,codecarbon,de45c164-0089-453f-a8d2-de1383d533cf,0.0644178390502929,5.763030118412442e-08,8.94632636452314e-07,5.0,0.0,12.0,8.937484688229032e-08,0,2.139425277709961e-07,3.033173746532865e-07,Spain,ESP,catalonia,,,macOS-13.4-arm64-arm-64bit,3.10.11,2.2.1,10,Apple M1 Pro,,,2.1701,41.387,32.0,machine,N
2023-05-15T16:15:27,codecarbon,e49e4faf-2986-4ab7-963b-5e5d8f596c99,0.1570360660552978,1.4076041248109606e-07,8.963572255530741e-07,5.0,0.0,12.0,2.1803445286220974e-07,0,5.228098233540853e-07,7.408442762162951e-07,Spain,ESP,catalonia,,,macOS-13.4-arm64-arm-64bit,3.10.11,2.2.1,10,Apple M1 Pro,,,2.1701,41.387,32.0,machine,N
2023-05-15T16:15:28,codecarbon,e3d64871-071d-44b5-a8e1-20b8acc49474,0.0657079219818115,5.878512461980185e-08,8.946428809006321e-07,5.0,0.0,12.0,9.116530418395997e-08,0,2.1823008855183926e-07,3.093953927357991e-07,Spain,ESP,catalonia,,,macOS-13.4-arm64-arm-64bit,3.10.11,2.2.1,10,Apple M1 Pro,,,2.1701,41.387,32.0,machine,N
2023-05-15T16:15:29,codecarbon,c626b6b5-b051-4c13-b018-f3327689e361,0.0648400783538818,5.799640946918064e-08,8.944531058807475e-07,5.0,0.0,12.0,8.993082576327854e-08,0,2.153134346008301e-07,3.052442603641086e-07,Spain,ESP,catalonia,,,macOS-13.4-arm64-arm-64bit,3.10.11,2.2.1,10,Apple M1 Pro,,,2.1701,41.387,32.0,machine,N
2023-05-15T16:15:30,codecarbon,94313e81-9554-4c99-b2af-6a5be21427c3,0.14635682106018066,1.3119891484578451e-07,8.96431843049096e-07,5.0,0.0,12.0,2.0320812861124676e-07,0,4.873124758402507e-07,6.905206044514975e-07,Spain,ESP,catalonia,,,macOS-13.4-arm64-arm-64bit,3.10.11,2.2.1,10,Apple M1 Pro,,,2.1701,41.387,32.0,machine,N
